session_id,is_anomaly_TRUTH
VG-SES-000101,1
VG-SES-000117,1
VG-SES-000216,1
VG-SES-000350,1
VG-SES-000374,1
VG-SES-000853,1
VG-SES-000858,1
VG-SES-000872,1
VG-SES-000980,1
VG-SES-001209,1
VG-SES-001273,1
VG-SES-001406,1
VG-SES-001531,1
VG-SES-001583,1
VG-SES-001593,1
VG-SES-001637,1
VG-SES-001821,1
VG-SES-002003,1
VG-SES-002302,1
VG-SES-002402,1
VG-SES-002418,1
VG-SES-002490,1
VG-SES-002551,1
VG-SES-002574,1
VG-SES-002655,1
VG-SES-002896,1
VG-SES-002967,1
VG-SES-003073,1
VG-SES-003173,1
VG-SES-003239,1
VG-SES-003338,1
VG-SES-003388,1
VG-SES-003526,1
VG-SES-003531,1
VG-SES-003553,1
VG-SES-003649,1
VG-SES-003654,1
VG-SES-003751,1
VG-SES-003892,1
VG-SES-003927,1
VG-SES-003993,1
VG-SES-004123,1
VG-SES-004203,1
VG-SES-004230,1
VG-SES-004248,1
VG-SES-004276,1
VG-SES-004301,1
VG-SES-004451,1
VG-SES-004483,1
VG-SES-004596,1
VG-SES-004605,1
VG-SES-004634,1
VG-SES-004660,1
VG-SES-004770,1
VG-SES-004887,1
VG-SES-004950,1
VG-SES-005038,1
VG-SES-005095,1
VG-SES-005162,1
VG-SES-005276,1
VG-SES-005439,1
VG-SES-005451,1
VG-SES-005620,1
VG-SES-005623,1
VG-SES-005737,1
VG-SES-005870,1
VG-SES-006182,1
VG-SES-006209,1
VG-SES-006217,1
VG-SES-006418,1
VG-SES-006433,1
VG-SES-006462,1
VG-SES-006543,1
VG-SES-006619,1
VG-SES-006652,1
VG-SES-006951,1
VG-SES-007160,1
VG-SES-007382,1
VG-SES-007468,1
VG-SES-007576,1
VG-SES-007746,1
VG-SES-007750,1
VG-SES-007800,1
VG-SES-007937,1
VG-SES-007983,1
VG-SES-008010,1
VG-SES-008060,1
VG-SES-008136,1
VG-SES-008361,1
VG-SES-008456,1
VG-SES-008509,1
VG-SES-008529,1
VG-SES-008648,1
VG-SES-008682,1
VG-SES-008751,1
VG-SES-008968,1
VG-SES-009114,1
VG-SES-009145,1
VG-SES-009331,1
VG-SES-009920,1
VG-SES-009988,1
VG-SES-010185,1
VG-SES-010196,1
VG-SES-010218,1
VG-SES-010322,1
VG-SES-010372,1
VG-SES-010524,1
VG-SES-010673,1
VG-SES-010893,1
VG-SES-010978,1
VG-SES-011354,1
VG-SES-011400,1
VG-SES-011433,1
VG-SES-011522,1
VG-SES-011588,1
VG-SES-011647,1
VG-SES-011667,1
VG-SES-011979,1
VG-SES-012422,1
VG-SES-012451,1
VG-SES-012479,1
VG-SES-012701,1
VG-SES-012999,1
VG-SES-013000,1
VG-SES-013107,1
VG-SES-013255,1
VG-SES-013260,1
VG-SES-013285,1
VG-SES-013420,1
VG-SES-013813,1
VG-SES-013921,1
VG-SES-014159,1
VG-SES-014293,1
VG-SES-014454,1
VG-SES-014510,1
VG-SES-014579,1
VG-SES-014696,1
VG-SES-014729,1
VG-SES-014737,1
VG-SES-014819,1
VG-SES-014826,1
VG-SES-014850,1
VG-SES-014887,1
VG-SES-014900,1
VG-SES-014907,1
VG-SES-015017,1
VG-SES-015189,1
VG-SES-015249,1
VG-SES-015341,1
VG-SES-015388,1
VG-SES-015455,1
VG-SES-015483,1
VG-SES-015501,1
VG-SES-015649,1
VG-SES-015653,1
VG-SES-015704,1
VG-SES-015859,1
VG-SES-015966,1
VG-SES-016155,1
VG-SES-016162,1
VG-SES-016611,1
VG-SES-016892,1
VG-SES-016990,1
VG-SES-017079,1
VG-SES-017236,1
VG-SES-017445,1
VG-SES-017503,1
VG-SES-017556,1
VG-SES-017721,1
VG-SES-018010,1
VG-SES-018089,1
VG-SES-018167,1
VG-SES-018173,1
VG-SES-018386,1
VG-SES-018518,1
VG-SES-018602,1
VG-SES-018635,1
VG-SES-018641,1
VG-SES-018724,1
VG-SES-018819,1
VG-SES-018984,1
VG-SES-019060,1
VG-SES-019072,1
VG-SES-019288,1
VG-SES-019364,1
VG-SES-019991,1
VG-SES-020095,1
VG-SES-020118,1
VG-SES-020258,1
VG-SES-020309,1
VG-SES-020316,1
VG-SES-020447,1
VG-SES-020509,1
VG-SES-020662,1
VG-SES-020720,1
VG-SES-020842,1
VG-SES-020894,1
VG-SES-020911,1
VG-SES-020984,1
VG-SES-021009,1
VG-SES-021018,1
VG-SES-021081,1
VG-SES-021208,1
VG-SES-021477,1
VG-SES-021511,1
VG-SES-021514,1
VG-SES-021942,1
VG-SES-022085,1
VG-SES-022332,1
VG-SES-022370,1
VG-SES-022749,1
VG-SES-022757,1
VG-SES-022808,1
VG-SES-022948,1
VG-SES-023034,1
VG-SES-023200,1
VG-SES-023284,1
VG-SES-023540,1
VG-SES-023784,1
VG-SES-023822,1
VG-SES-023827,1
VG-SES-023886,1
VG-SES-024029,1
VG-SES-024067,1
VG-SES-024097,1
VG-SES-024136,1
VG-SES-024253,1
VG-SES-024457,1
VG-SES-024750,1
VG-SES-024792,1
VG-SES-024855,1
VG-SES-024982,1
VG-SES-025173,1
VG-SES-025219,1
VG-SES-025564,1
VG-SES-025672,1
VG-SES-025819,1
VG-SES-026043,1
VG-SES-026057,1
VG-SES-026234,1
VG-SES-026582,1
VG-SES-026663,1
VG-SES-026679,1
VG-SES-026992,1
VG-SES-027050,1
VG-SES-027100,1
VG-SES-027175,1
VG-SES-027397,1
VG-SES-027429,1
VG-SES-027599,1
VG-SES-027675,1
VG-SES-027684,1
VG-SES-027764,1
VG-SES-027984,1
VG-SES-028182,1
VG-SES-028700,1
VG-SES-028702,1
VG-SES-028866,1
VG-SES-028936,1
VG-SES-028961,1
VG-SES-028999,1
VG-SES-029045,1
VG-SES-029054,1
VG-SES-029079,1
VG-SES-029088,1
VG-SES-029097,1
VG-SES-029206,1
VG-SES-029318,1
VG-SES-029322,1
VG-SES-029456,1
VG-SES-029703,1
VG-SES-029857,1
VG-SES-029932,1
VG-SES-029950,1
VG-SES-029976,1
VG-SES-030038,1
VG-SES-030081,1
VG-SES-030097,1
VG-SES-030216,1
VG-SES-030318,1
VG-SES-030359,1
VG-SES-030475,1
VG-SES-030608,1
VG-SES-031005,1
VG-SES-031050,1
VG-SES-031117,1
VG-SES-031354,1
VG-SES-031523,1
VG-SES-031592,1
VG-SES-031665,1
VG-SES-031837,1
VG-SES-031923,1
VG-SES-032404,1
VG-SES-032519,1
VG-SES-032534,1
VG-SES-032557,1
VG-SES-032574,1
VG-SES-032933,1
VG-SES-032938,1
VG-SES-033155,1
VG-SES-033529,1
VG-SES-034032,1
VG-SES-034065,1
VG-SES-034075,1
VG-SES-034142,1
VG-SES-034153,1
VG-SES-034192,1
VG-SES-034279,1
VG-SES-034349,1
VG-SES-034360,1
VG-SES-034497,1
VG-SES-034504,1
VG-SES-034590,1
VG-SES-034598,1
VG-SES-034796,1
VG-SES-034856,1
VG-SES-034924,1
VG-SES-034940,1
VG-SES-034941,1
VG-SES-034957,1
VG-SES-034980,1
VG-SES-035422,1
VG-SES-035692,1
VG-SES-035748,1
VG-SES-035786,1
VG-SES-035846,1
VG-SES-035991,1
VG-SES-036007,1
VG-SES-036138,1
VG-SES-036163,1
VG-SES-036244,1
VG-SES-036392,1
VG-SES-036485,1
VG-SES-036500,1
VG-SES-036512,1
VG-SES-036572,1
VG-SES-036623,1
VG-SES-036716,1
VG-SES-036737,1
VG-SES-036857,1
VG-SES-036909,1
VG-SES-037008,1
VG-SES-037134,1
VG-SES-037175,1
VG-SES-037298,1
VG-SES-037345,1
VG-SES-037389,1
VG-SES-037417,1
VG-SES-037445,1
VG-SES-037554,1
VG-SES-037674,1
VG-SES-037967,1
VG-SES-038327,1
VG-SES-038716,1
VG-SES-038721,1
VG-SES-038736,1
VG-SES-038784,1
VG-SES-038901,1
VG-SES-038978,1
VG-SES-038997,1
VG-SES-039049,1
VG-SES-039068,1
VG-SES-039210,1
VG-SES-039234,1
VG-SES-039373,1
VG-SES-039450,1
VG-SES-039485,1
VG-SES-039623,1
VG-SES-039681,1
VG-SES-039690,1
VG-SES-039717,1
VG-SES-039729,1
VG-SES-039772,1
VG-SES-039916,1
VG-SES-040019,1
VG-SES-040045,1
VG-SES-040083,1
VG-SES-040146,1
VG-SES-040248,1
VG-SES-040305,1
VG-SES-040386,1
VG-SES-040392,1
VG-SES-040464,1
VG-SES-040521,1
VG-SES-040541,1
VG-SES-040551,1
VG-SES-040586,1
VG-SES-040598,1
VG-SES-040601,1
VG-SES-040646,1
VG-SES-040701,1
VG-SES-040785,1
VG-SES-040802,1
VG-SES-040882,1
VG-SES-041057,1
VG-SES-041158,1
VG-SES-041170,1
VG-SES-041220,1
VG-SES-041246,1
VG-SES-041264,1
VG-SES-041415,1
VG-SES-041545,1
VG-SES-041556,1
VG-SES-041738,1
VG-SES-041782,1
VG-SES-041789,1
VG-SES-041845,1
VG-SES-041869,1
VG-SES-041880,1
VG-SES-042059,1
VG-SES-042166,1
VG-SES-042208,1
VG-SES-042281,1
VG-SES-042462,1
VG-SES-042489,1
VG-SES-042516,1
VG-SES-042536,1
VG-SES-042664,1
VG-SES-042762,1
VG-SES-042777,1
VG-SES-042856,1
VG-SES-042884,1
VG-SES-042947,1
VG-SES-042981,1
VG-SES-043075,1
VG-SES-043150,1
VG-SES-043157,1
VG-SES-043202,1
VG-SES-043257,1
VG-SES-043423,1
VG-SES-043703,1
VG-SES-043912,1
VG-SES-043929,1
VG-SES-043954,1
VG-SES-043998,1
VG-SES-044035,1
VG-SES-044054,1
VG-SES-044226,1
VG-SES-044234,1
VG-SES-044302,1
VG-SES-044388,1
VG-SES-044486,1
VG-SES-044528,1
VG-SES-044549,1
VG-SES-044664,1
VG-SES-044796,1
VG-SES-044801,1
VG-SES-044829,1
VG-SES-044942,1
VG-SES-044951,1
